"0","# Assuming we are using life_expectancy_at_birth_total_years as the average observation value (avg_value)"
"0","# and we are plotting for a specific year, let's say the most recent year in the dataset"
"0","# Assuming df is a data frame and not a function or a different type of object"
"0",""
"0","# The error message suggests that 'df' is not a data frame but a function or a reserved word in R."
"0","# Let's try to clear any existing 'df' function and assume that 'df' is a data frame provided for this task."
"0","current_names <- colnames(my_data)"
"0",""
"0","new_names <- gsub(""[^A-Za-z0-9]+"", ""_"", current_names)"
"0",""
"0","colnames(my_data) <- new_names"
"0","# Now, let's try to get the most recent year again"
"0","selected_year <- my_data[my_data$year == max(my_data$year, na.rm = TRUE), ]"
"0",""
"0","selected_data <- my_data[my_data$year == selected_year, ]"
"0","# Load world countries with 'ne_countries' from rnaturalearth"
"0","world_map <- ne_countries(scale = ""medium"", type = 'countries', returnclass = ""sf"")"
"2","The rnaturalearthdata package needs to be installed.
"
"1","Install the rnaturalearthdata package?"
"1"," "
"1","
"
"1",""
"1","
"
"1","1: Yes"
"1","
"
"1","2: No"
"1","
"
"1",""
"1","
"
