{"chunk_definitions":[{"row":45,"row_count":1,"visible":true,"expansion_state":0,"options":{"engine":"r","label":"unnamed-chunk-4","dev":"png"},"document_id":"15E55550","chunk_id":"cx61at88to0ss","chunk_label":"unnamed-chunk-2"},{"row":64,"row_count":1,"visible":true,"expansion_state":0,"options":{},"document_id":"15E55550","chunk_id":"c4f38v46atgsw","chunk_label":"unnamed-chunk-3"},{"row":80,"row_count":1,"visible":true,"expansion_state":0,"options":{},"document_id":"15E55550","chunk_id":"cbnrk00lppgb9","chunk_label":"unnamed-chunk-4"}],"doc_write_time":1713209923}